V;I;V_err;I_err
0;0;0;0
1;1.718281828;0.01;0.01
2;6.389056099;0.02;0.02
3;19.08553692;0.03;0.03
4;53.59815003;0.04;0.04
5;147.4131591;0.05;0.05
6;402.4287935;0.06;0.06
7;1095.633158;0.07;0.07
8;2979.957987;0.08;0.08
9;8102.083928;0.09;0.09
10;22025.46579;0.1;0.1
11;59873.14172;0.11;0.11
12;162753.7914;0.12;0.12
13;442412.392;0.13;0.13
14;1202603.284;0.14;0.14
15;3269016.372;0.15;0.15
16;8886109.521;0.16;0.16
17;24154951.75;0.17;0.17
183;65659968.14;0.18;22
197;178482300;0.19;19
